Pacific/Midway,UM
Etc/GMT+11,AD
Etc/GMT+12,AE
Pacific/Niue,AF
Pacific/Pago_Pago,AG
Pacific/Samoa,AI
US/Samoa,AL
Etc/GMT+10,AM
HST,AO
Pacific/Honolulu,AQ
Pacific/Johnston,AQ
Pacific/Rarotonga,AQ
Pacific/Tahiti,AQ
US/Hawaii,AQ
Pacific/Marquesas,AQ
America/Adak,AQ
America/Atka,AQ
Etc/GMT+9,AQ
Pacific/Gambier,AQ
US/Aleutian,AR
America/Anchorage,AR
America/Juneau,AR
America/Metlakatla,AR
America/Nome,AR
America/Sitka,AR
America/Yakutat,AR
Etc/GMT+8,AR
Pacific/Pitcairn,AR
US/Alaska,AR
America/Creston,AR
America/Dawson,AR
America/Dawson_Creek,AS
America/Ensenada,AT
America/Hermosillo,AU
America/Los_Angeles,AU
America/Phoenix,AU
America/Santa_Isabel,AU
America/Tijuana,AU
America/Vancouver,AU
America/Whitehorse,AU
Canada/Pacific,AU
Canada/Yukon,AU
Etc/GMT+7,AU
MST,AU
Mexico/BajaNorte,AU
PST8PDT,AU
US/Arizona,AW
US/Pacific,AX
US/Pacific-New,AZ
America/Belize,BA
America/Boise,BB
America/Cambridge_Bay,BD
America/Chihuahua,BE
America/Costa_Rica,BF
America/Denver,BG
America/Edmonton,BH
America/El_Salvador,BI
America/Guatemala,BJ
America/Inuvik,BL
America/Managua,BM
America/Mazatlan,BN
America/Ojinaga,BO
America/Regina,BQ
America/Shiprock,BR
America/Swift_Current,BR
America/Tegucigalpa,BR
America/Yellowknife,BR
Canada/East-Saskatchewan,BR
Canada/Mountain,BR
Canada/Saskatchewan,BR
Chile/EasterIsland,BR
Etc/GMT+6,BR
MST7MDT,BR
Mexico/BajaSur,BR
Navajo,BR
Pacific/Easter,BR
Pacific/Galapagos,BR
US/Mountain,BR
America/Atikokan,BR
America/Bahia_Banderas,BS
America/Bogota,BT
America/Cancun,BW
America/Cayman,BY
America/Chicago,BZ
America/Coral_Harbour,CA
America/Eirunepe,CA
America/Guayaquil,CA
America/Indiana/Knox,CA
America/Indiana/Tell_City,CA
America/Jamaica,CA
America/Knox_IN,CA
America/Lima,CA
America/Matamoros,CA
America/Menominee,CA
America/Merida,CA
America/Mexico_City,CA
America/Monterrey,CA
America/North_Dakota/Beulah,CA
America/North_Dakota/Center,CA
America/North_Dakota/New_Salem,CA
America/Panama,CA
America/Porto_Acre,CA
America/Rainy_River,CA
America/Rankin_Inlet,CA
America/Resolute,CA
America/Rio_Branco,CA
America/Winnipeg,CA
Brazil/Acre,CA
CST6CDT,CA
Canada/Central,CA
EST,CA
Etc/GMT+5,CC
Jamaica,CD
Mexico/General,CD
US/Central,CF
US/Indiana-Starke,CG
America/Caracas,CH
America/Anguilla,CI
America/Antigua,CK
America/Aruba,CL
America/Asuncion,CL
America/Barbados,CM
America/Blanc-Sablon,CN
America/Boa_Vista,CN
America/Campo_Grande,CO
America/Cuiaba,CR
America/Curacao,CU
America/Detroit,CV
America/Dominica,CW
America/Fort_Wayne,CX
America/Grand_Turk,CY
America/Grenada,CZ
America/Guadeloupe,DE
America/Guyana,DE
America/Havana,DJ
America/Indiana/Indianapolis,DK
America/Indiana/Marengo,DM
America/Indiana/Petersburg,DO
America/Indiana/Vevay,DZ
America/Indiana/Vincennes,EC
America/Indiana/Winamac,EC
America/Indianapolis,EE
America/Iqaluit,EG
America/Kentucky/Louisville,EH
America/Kentucky/Monticello,ER
America/Kralendijk,ES
America/La_Paz,ES
America/Louisville,ES
America/Lower_Princes,ET
America/Manaus,FI
America/Marigot,FJ
America/Martinique,FK
America/Montreal,FM
America/Montserrat,FM
America/Nassau,FM
America/New_York,FO
America/Nipigon,FR
America/Pangnirtung,GA
America/Port-au-Prince,GB
America/Port_of_Spain,GD
America/Porto_Velho,GE
America/Puerto_Rico,GF
America/Santiago,GG
America/Santo_Domingo,GH
America/St_Barthelemy,GI
America/St_Kitts,GL
America/St_Lucia,GL
America/St_Thomas,GL
America/St_Vincent,GL
America/Thunder_Bay,GM
America/Toronto,GN
America/Tortola,GP
America/Virgin,GQ
Antarctica/Palmer,GR
Brazil/West,GS
Canada/Eastern,GT
Chile/Continental,GU
Cuba,GW
EST5EDT,GY
Etc/GMT+4,HK
US/East-Indiana,HN
US/Eastern,HR
US/Michigan,HT
America/Araguaina,HU
America/Argentina/Buenos_Aires,ID
America/Argentina/Catamarca,ID
America/Argentina/ComodRivadavia,ID
America/Argentina/Cordoba,ID
America/Argentina/Jujuy,IE
America/Argentina/La_Rioja,IL
America/Argentina/Mendoza,IM
America/Argentina/Rio_Gallegos,IN
America/Argentina/Salta,IO
America/Argentina/San_Juan,IQ
America/Argentina/San_Luis,IR
America/Argentina/Tucuman,IS
America/Argentina/Ushuaia,IT
America/Bahia,JE
America/Belem,JM
America/Buenos_Aires,JO
America/Catamarca,JP
America/Cayenne,KE
America/Cordoba,KG
America/Fortaleza,KH
America/Glace_Bay,KI
America/Goose_Bay,KI
America/Halifax,KI
America/Jujuy,KM
America/Maceio,KN
America/Mendoza,KP
America/Moncton,KR
America/Montevideo,KW
America/Paramaribo,KY
America/Recife,KZ
America/Rosario,KZ
America/Santarem,KZ
America/Sao_Paulo,KZ
America/Thule,KZ
Antarctica/Rothera,LA
Atlantic/Bermuda,LB
Atlantic/Stanley,LC
Brazil/East,LI
Canada/Atlantic,LK
Etc/GMT+3,LR
America/St_Johns,LS
Canada/Newfoundland,LT
America/Godthab,LU
America/Miquelon,LV
America/Noronha,LY
Atlantic/South_Georgia,MA
Brazil/DeNoronha,MC
Etc/GMT+2,MD
Atlantic/Cape_Verde,ME
Etc/GMT+1,MF
Africa/Abidjan,MG
Africa/Accra,MH
Africa/Bamako,MH
Africa/Banjul,MK
Africa/Bissau,ML
Africa/Casablanca,MM
Africa/Conakry,MN
Africa/Dakar,MN
Africa/El_Aaiun,MN
Africa/Freetown,MO
Africa/Lome,MP
Africa/Monrovia,MQ
Africa/Nouakchott,MR
Africa/Ouagadougou,MS
Africa/Sao_Tome,MT
Africa/Timbuktu,MU
America/Danmarkshavn,MV
America/Scoresbysund,MW
Atlantic/Azores,MX
Atlantic/Reykjavik,MX
Atlantic/St_Helena,MX
Etc/GMT,MX
Etc/GMT+0,MX
Etc/GMT-0,MX
Etc/GMT0,MX
Etc/Greenwich,MX
Etc/UCT,MX
Etc/UTC,MX
Etc/Universal,MX
Etc/Zulu,MY
GMT,MY
GMT+0,MZ
GMT-0,NA
GMT0,NC
Greenwich,NE
Iceland,NF
UCT,NG
UTC,NI
Universal,NL
Zulu,NO
Africa/Algiers,DZ
Africa/Bangui,CF
Africa/Brazzaville,CG
Africa/Douala,CM
Africa/Kinshasa,CD
Africa/Lagos,NG
Africa/Libreville,GA
Africa/Luanda,AO
Africa/Malabo,GQ
Africa/Ndjamena,TD
Africa/Niamey,NE
Africa/Porto-Novo,BJ
Africa/Tunis,TN
Africa/Windhoek,NA
Atlantic/Canary,ES
Atlantic/Faeroe,FO
Atlantic/Faroe,FO
Atlantic/Madeira,PT
Eire,IE
Etc/GMT-1,CM
Europe/Belfast,GB
Europe/Dublin,IE
Europe/Guernsey,GG
Europe/Isle_of_Man,IM
Europe/Jersey,JE
Europe/Lisbon,PT
Europe/London,GB
GB,GB
GB-Eire,GB
Portugal,PT
WET,MW
Africa/Blantyre,MW
Africa/Bujumbura,BI
Africa/Cairo,EG
Africa/Ceuta,ES
Africa/Gaborone,BW
Africa/Harare,ZW
Africa/Johannesburg,ZA
Africa/Kigali,RW
Africa/Lubumbashi,CD
Africa/Lusaka,ZM
Africa/Maputo,MZ
Africa/Maseru,LS
Africa/Mbabane,SZ
Africa/Tripoli,LY
Antarctica/Troll,AQ
Arctic/Longyearbyen,SJ
Atlantic/Jan_Mayen,NO
CET,DE
Egypt,EG
Etc/GMT-2,NL
Europe/Amsterdam,NL
Europe/Andorra,AD
Europe/Belgrade,RS
Europe/Berlin,DE
Europe/Bratislava,SK
Europe/Brussels,BE
Europe/Budapest,HU
Europe/Busingen,DE
Europe/Copenhagen,DK
Europe/Gibraltar,GI
Europe/Kaliningrad,RU
Europe/Ljubljana,SI
Europe/Luxembourg,LU
Europe/Madrid,ES
Europe/Malta,MT
Europe/Monaco,MC
Europe/Oslo,NO
Europe/Paris,FR
Europe/Podgorica,ME
Europe/Prague,CZ
Europe/Rome,IT
Europe/San_Marino,SM
Europe/Sarajevo,BA
Europe/Skopje,MK
Europe/Stockholm,SE
Europe/Tirane,AL
Europe/Vaduz,LI
Europe/Vatican,VA
Europe/Vienna,AT
Europe/Warsaw,PL
Europe/Zagreb,HR
Europe/Zurich,CH
Libya,LY
MET,RU
Poland,PL
Africa/Addis_Ababa,ET
Africa/Asmara,ER
Africa/Asmera,ER
Africa/Dar_es_Salaam,TZ
Africa/Djibouti,DJ
Africa/Juba,SS
Africa/Kampala,UG
Africa/Khartoum,SD
Africa/Mogadishu,SO
Africa/Nairobi,KE
Antarctica/Syowa,AQ
Asia/Aden,YE
Asia/Amman,JO
Asia/Baghdad,IQ
Asia/Bahrain,BH
Asia/Beirut,LB
Asia/Damascus,SY
Asia/Gaza,PS
Asia/Hebron,PS
Asia/Istanbul,TR
Asia/Jerusalem,IL
Asia/Kuwait,KW
Asia/Nicosia,CY
Asia/Qatar,QA
Asia/Riyadh,SA
Asia/Tel_Aviv,IL
EET,US
Etc/GMT-3,GR
Europe/Athens,GR
Europe/Bucharest,RO
Europe/Chisinau,MD
Europe/Helsinki,FI
Europe/Istanbul,TR
Europe/Kiev,UA
Europe/Mariehamn,AX
Europe/Minsk,BY
Europe/Moscow,RU
Europe/Nicosia,CY
Europe/Riga,LV
Europe/Simferopol,UA
Europe/Sofia,BG
Europe/Tallinn,EE
Europe/Tiraspol,MD
Europe/Uzhgorod,UA
Europe/Vilnius,LT
Europe/Volgograd,RU
Europe/Zaporozhye,UA
Indian/Antananarivo,MG
Indian/Comoro,KM
Indian/Mayotte,YT 
Israel,IL
Turkey,TR
W-SU,RU
Asia/Dubai,AE
Asia/Muscat,OM
Asia/Tbilisi,GE
Asia/Yerevan,AM
Etc/GMT-4,RU
Europe/Samara,RU
Indian/Mahe,SC
Indian/Mauritius,US
Indian/Reunion,RE
Asia/Kabul,AF
Asia/Tehran,IR
Iran,IR
Antarctica/Mawson,HM
Asia/Aqtau,KZ
Asia/Aqtobe,KZ
Asia/Ashgabat,TM
Asia/Ashkhabad,TM
Asia/Baku,AZ
Asia/Dushanbe,TJ
Asia/Karachi,PK
Asia/Oral,KZ
Asia/Samarkand,UZ
Asia/Tashkent,UZ
Asia/Yekaterinburg,RU
Etc/GMT-5,TF
Indian/Kerguelen,TF
Indian/Maldives,MV
Asia/Calcutta,IN
Asia/Colombo,NP
Asia/Kolkata,NR
Asia/Kathmandu,NU
Asia/Katmandu,NZ
Antarctica/Vostok,NZ
Asia/Almaty,OM
Asia/Bishkek,PA
Asia/Dacca,PE
Asia/Dhaka,PF
Asia/Kashgar,PF
Asia/Novosibirsk,PF
Asia/Omsk,PG
Asia/Qyzylorda,PG
Asia/Thimbu,PH
Asia/Thimphu,PK
Asia/Urumqi,PL
Etc/GMT-6,PM
Indian/Chagos,PN
Asia/Rangoon,PR
Indian/Cocos,PS
Antarctica/Davis,PS
Asia/Bangkok,PT
Asia/Ho_Chi_Minh,PT
Asia/Hovd,PT
Asia/Jakarta,PW
Asia/Krasnoyarsk,PY
Asia/Novokuznetsk,QA
Asia/Phnom_Penh,RE
Asia/Pontianak,RO
Asia/Saigon,RS
Asia/Vientiane,RU
Etc/GMT-7,RU
Indian/Christmas,RU
Antarctica/Casey,RU
Asia/Brunei,RU
Asia/Chita,RU
Asia/Choibalsan,RU
Asia/Chongqing,RU
Asia/Chungking,RU
Asia/Harbin,RU
Asia/Hong_Kong,RU
Asia/Irkutsk,RU
Asia/Kuala_Lumpur,RU
Asia/Kuching,RU
Asia/Macao,RU
Asia/Macau,RU
Asia/Makassar,RU
Asia/Manila,RU
Asia/Shanghai,RU
Asia/Singapore,RU
Asia/Taipei,RU
Asia/Ujung_Pandang,RW
Asia/Ulaanbaatar,SA
Asia/Ulan_Bator,SB
Australia/Perth,SC
Australia/West,SD
Etc/GMT-8,SE
Hongkong,SG
PRC,SH
ROC,SI
Singapore,SJ
Australia/Eucla,SK
Asia/Dili,SL
Asia/Jayapura,SM
Asia/Khandyga,SN
Asia/Pyongyang,SO
Asia/Seoul,SR
Asia/Tokyo,SS
Asia/Yakutsk,ST
Etc/GMT-9,SV
Japan,SX
Pacific/Palau,SY
ROK,SZ
Australia/Adelaide,TC
Australia/Broken_Hill,TD
Australia/Darwin,TF
Australia/North,TG
Australia/South,TH
Australia/Yancowinna,TJ
Antarctica/DumontDUrville,TK
Asia/Magadan,TL
Asia/Sakhalin,TM
Asia/Ust-Nera,TN
Asia/Vladivostok,TO
Australia/ACT,TR
Australia/Brisbane,TT
Australia/Canberra,TV
Australia/Currie,TW
Australia/Hobart,TZ
Australia/Lindeman,UA
Australia/Melbourne,UA
Australia/NSW,UA
Australia/Queensland,UG
Australia/Sydney,UM
Australia/Tasmania,UM
Australia/Victoria,US
Etc/GMT-10,US
Pacific/Chuuk,US
Pacific/Guam,US
Pacific/Port_Moresby,US
Pacific/Saipan,US
Pacific/Truk,US
Pacific/Yap,US
Australia/LHI,US
Australia/Lord_Howe,US
Antarctica/Macquarie,US
Asia/Srednekolymsk,US
Etc/GMT-11,US
Pacific/Bougainville,US
Pacific/Efate,US
Pacific/Guadalcanal,US
Pacific/Kosrae,US
Pacific/Noumea,US
Pacific/Pohnpei,US
Pacific/Ponape,US
Pacific/Norfolk,US
Antarctica/McMurdo,US
Antarctica/South_Pole,US
Asia/Anadyr,US
Asia/Kamchatka,US
Etc/GMT-12,US
Kwajalein,US
NZ,US
Pacific/Auckland,US
Pacific/Fiji,UY
Pacific/Funafuti,UZ
Pacific/Kwajalein,UZ
Pacific/Majuro,VA
Pacific/Nauru,VC
Pacific/Tarawa,VE
Pacific/Wake,VG
Pacific/Wallis,VI
NZ-CHAT,VN
Pacific/Chatham,VU
Etc/GMT-13,WF
Pacific/Apia,WS
Pacific/Enderbury,YE
Pacific/Fakaofo,YT
Pacific/Tongatapu,ZA
Etc/GMT-14,ZM
Pacific/Kiritimati,ZW
