Africa/Algiers,NOT_AVAILABLE
Africa/Bangui,NOT_AVAILABLE
Africa/Brazzaville,NOT_AVAILABLE
Africa/Douala,NOT_AVAILABLE
Africa/Kinshasa,NOT_AVAILABLE
Africa/Lagos,NOT_AVAILABLE
Africa/Libreville,NOT_AVAILABLE
Africa/Luanda,NOT_AVAILABLE
Africa/Malabo,NOT_AVAILABLE
Africa/Ndjamena,NOT_AVAILABLE
Africa/Niamey,NOT_AVAILABLE
Africa/Porto-Novo,NOT_AVAILABLE
Africa/Tunis,NOT_AVAILABLE
Africa/Windhoek,NOT_AVAILABLE
Atlantic/Canary,NOT_AVAILABLE
Atlantic/Faeroe,NOT_AVAILABLE
Atlantic/Faroe,NOT_AVAILABLE
Atlantic/Madeira,NOT_AVAILABLE
Eire,NOT_AVAILABLE
Etc/GMT-1,NOT_AVAILABLE
Europe/Belfast,NOT_AVAILABLE
Europe/Dublin,NOT_AVAILABLE
Europe/Guernsey,NOT_AVAILABLE
Europe/Isle_of_Man,NOT_AVAILABLE
Europe/Jersey,NOT_AVAILABLE
Europe/Lisbon,NOT_AVAILABLE
Europe/London,NOT_AVAILABLE
GB,NOT_AVAILABLE
GB-Eire,NOT_AVAILABLE
Portugal,NOT_AVAILABLE
WET,NOT_AVAILABLE
Africa/Blantyre,NOT_AVAILABLE
Africa/Bujumbura,NOT_AVAILABLE
Africa/Cairo,NOT_AVAILABLE
Africa/Ceuta,NOT_AVAILABLE
Africa/Gaborone,NOT_AVAILABLE
Africa/Harare,NOT_AVAILABLE
Africa/Johannesburg,NOT_AVAILABLE
Africa/Kigali,NOT_AVAILABLE
Africa/Lubumbashi,NOT_AVAILABLE
Africa/Lusaka,NOT_AVAILABLE
Africa/Maputo,NOT_AVAILABLE
Africa/Maseru,NOT_AVAILABLE
Africa/Mbabane,NOT_AVAILABLE
Africa/Tripoli,NOT_AVAILABLE
Antarctica/Troll,NOT_AVAILABLE
Arctic/Longyearbyen,NOT_AVAILABLE
Atlantic/Jan_Mayen,NOT_AVAILABLE
CET,NOT_AVAILABLE
Egypt,NOT_AVAILABLE
Etc/GMT-2,NOT_AVAILABLE
Europe/Amsterdam,NOT_AVAILABLE
Europe/Andorra,NOT_AVAILABLE
Europe/Belgrade,NOT_AVAILABLE
Europe/Berlin,NOT_AVAILABLE
Europe/Bratislava,NOT_AVAILABLE
Europe/Brussels,NOT_AVAILABLE
Europe/Budapest,NOT_AVAILABLE
Europe/Busingen,NOT_AVAILABLE
Europe/Copenhagen,NOT_AVAILABLE
Europe/Gibraltar,NOT_AVAILABLE
Europe/Kaliningrad,NOT_AVAILABLE
Europe/Ljubljana,NOT_AVAILABLE
Europe/Luxembourg,NOT_AVAILABLE
Europe/Madrid,NOT_AVAILABLE
Europe/Malta,NOT_AVAILABLE
Europe/Monaco,NOT_AVAILABLE
Europe/Oslo,NOT_AVAILABLE
Europe/Paris,NOT_AVAILABLE
Europe/Podgorica,NOT_AVAILABLE
Europe/Prague,NOT_AVAILABLE
Europe/Rome,NOT_AVAILABLE
Europe/San_Marino,NOT_AVAILABLE
Europe/Sarajevo,NOT_AVAILABLE
Europe/Skopje,NOT_AVAILABLE
Europe/Stockholm,NOT_AVAILABLE
Europe/Tirane,NOT_AVAILABLE
Europe/Vaduz,NOT_AVAILABLE
Europe/Vatican,NOT_AVAILABLE
Europe/Vienna,NOT_AVAILABLE
Europe/Warsaw,NOT_AVAILABLE
Europe/Zagreb,NOT_AVAILABLE
Europe/Zurich,NOT_AVAILABLE
Libya,NOT_AVAILABLE
MET,NOT_AVAILABLE
Poland,NOT_AVAILABLE
Africa/Addis_Ababa,NOT_AVAILABLE
Africa/Asmara,NOT_AVAILABLE
Africa/Asmera,NOT_AVAILABLE
Africa/Dar_es_Salaam,NOT_AVAILABLE
Africa/Djibouti,NOT_AVAILABLE
Africa/Juba,NOT_AVAILABLE
Africa/Kampala,NOT_AVAILABLE
Africa/Khartoum,NOT_AVAILABLE
Africa/Mogadishu,NOT_AVAILABLE
Africa/Nairobi,NOT_AVAILABLE
Antarctica/Syowa,NOT_AVAILABLE
Asia/Aden,NOT_AVAILABLE
Asia/Amman,NOT_AVAILABLE
Asia/Baghdad,NOT_AVAILABLE
Asia/Bahrain,NOT_AVAILABLE
Asia/Beirut,NOT_AVAILABLE
Asia/Damascus,NOT_AVAILABLE
Asia/Gaza,NOT_AVAILABLE
Asia/Hebron,NOT_AVAILABLE
Asia/Istanbul,NOT_AVAILABLE
Asia/Jerusalem,NOT_AVAILABLE
Asia/Kuwait,NOT_AVAILABLE
Asia/Nicosia,NOT_AVAILABLE
Asia/Qatar,NOT_AVAILABLE
Asia/Riyadh,NOT_AVAILABLE
Asia/Tel_Aviv,NOT_AVAILABLE
EET,NOT_AVAILABLE
Etc/GMT-3,NOT_AVAILABLE
Europe/Athens,NOT_AVAILABLE
Europe/Bucharest,NOT_AVAILABLE
Europe/Chisinau,NOT_AVAILABLE
Europe/Helsinki,NOT_AVAILABLE
Europe/Istanbul,NOT_AVAILABLE
Europe/Kiev,NOT_AVAILABLE
Europe/Mariehamn,NOT_AVAILABLE
Europe/Minsk,NOT_AVAILABLE
Europe/Moscow,NOT_AVAILABLE
Europe/Nicosia,NOT_AVAILABLE
Europe/Riga,NOT_AVAILABLE
Europe/Simferopol,NOT_AVAILABLE
Europe/Sofia,NOT_AVAILABLE
Europe/Tallinn,NOT_AVAILABLE
Europe/Tiraspol,NOT_AVAILABLE
Europe/Uzhgorod,NOT_AVAILABLE
Europe/Vilnius,NOT_AVAILABLE
Europe/Volgograd,NOT_AVAILABLE
Europe/Zaporozhye,NOT_AVAILABLE
Indian/Antananarivo,NOT_AVAILABLE
Indian/Comoro,NOT_AVAILABLE
Indian/Mayotte,NOT_AVAILABLE
Israel,NOT_AVAILABLE
Turkey,NOT_AVAILABLE
W-SU,NOT_AVAILABLE
Asia/Dubai,NOT_AVAILABLE
Asia/Muscat,NOT_AVAILABLE
Asia/Tbilisi,NOT_AVAILABLE
Asia/Yerevan,NOT_AVAILABLE
Etc/GMT-4,NOT_AVAILABLE
Europe/Samara,NOT_AVAILABLE
Indian/Mahe,NOT_AVAILABLE
Indian/Mauritius,NOT_AVAILABLE
Indian/Reunion,NOT_AVAILABLE
Asia/Kabul,NOT_AVAILABLE
Asia/Tehran,NOT_AVAILABLE
Iran,NOT_AVAILABLE
Antarctica/Mawson,NOT_AVAILABLE
Asia/Aqtau,NOT_AVAILABLE
Asia/Aqtobe,NOT_AVAILABLE
Asia/Ashgabat,NOT_AVAILABLE
Asia/Ashkhabad,NOT_AVAILABLE
Asia/Baku,NOT_AVAILABLE
Asia/Dushanbe,NOT_AVAILABLE
Asia/Karachi,NOT_AVAILABLE
Asia/Oral,NOT_AVAILABLE
Asia/Samarkand,NOT_AVAILABLE
Asia/Tashkent,NOT_AVAILABLE
Asia/Yekaterinburg,NOT_AVAILABLE
Etc/GMT-5,NOT_AVAILABLE
Indian/Kerguelen,NOT_AVAILABLE
Indian/Maldives,NOT_AVAILABLE
Asia/Calcutta,NOT_AVAILABLE
